IE_code,telephone,email,PAN
8629664493,9870029885,goldenstars0786@gmail.com,AABCT0050D
8849905875,9740516000,grsisl@rediffmail.com,AABCT0050D
8186529510,9570698755,bindalk19@gmail.com,AAEFK6698Q
8797183238,9670553990,bh2cc@yahoo.co.in,AAFCR9606R
8118229673,9870029885,lozicnet_delhi@goodboss.com,AAKPG2765Q
8186821161,9870029885,scientific.syndicate@rediffmail.com,ACCPC3990P
8610077392,9709244730,goelk19@gmail.com,AJGPR3543Q
8651507473,9740516885,bh26007@yahoo.co.in,AJGPR3543Q
8794363860,9570698755,abcdrsisl@rediffmail.com,AJOPT5146K
8559625141,9740516885,grsisl@rediffmail.com,GANPS2679C
